salinity,temperature,pressure,lat,lon,date
35.297001,26.709,0.96,-17.04,166.61,2024-08-21
35.296799,26.708,1.92,-17.04,166.61,2024-08-21
35.296398,26.712999,3.04,-17.04,166.61,2024-08-21
35.296398,26.714001,4.0,-17.04,166.61,2024-08-21
35.297001,26.712,5.0,-17.04,166.61,2024-08-21
35.296398,26.712,6.0,-17.04,166.61,2024-08-21
35.297001,26.712,6.88,-17.04,166.61,2024-08-21
35.2966,26.712,8.0,-17.04,166.61,2024-08-21
35.296398,26.714001,9.08,-17.04,166.61,2024-08-21
35.295601,26.716999,10.04,-17.04,166.61,2024-08-21
35.295601,26.716999,10.84,-17.04,166.61,2024-08-21
35.296001,26.716,12.0,-17.04,166.61,2024-08-21
35.2966,26.715,13.92,-17.04,166.61,2024-08-21
35.2966,26.716,15.96,-17.04,166.61,2024-08-21
35.2966,26.716,18.0,-17.04,166.61,2024-08-21
35.296799,26.715,20.040001,-17.04,166.61,2024-08-21
35.297401,26.712999,22.0,-17.04,166.61,2024-08-21
35.2976,26.711,23.92,-17.04,166.61,2024-08-21
35.297401,26.712,25.92,-17.04,166.61,2024-08-21
35.2966,26.716,28.0,-17.04,166.61,2024-08-21
35.297001,26.714001,29.959999,-17.04,166.61,2024-08-21
35.299599,26.697001,31.959999,-17.04,166.61,2024-08-21
35.300999,26.687,34.0,-17.04,166.61,2024-08-21
35.304401,26.667,36.0,-17.04,166.61,2024-08-21
35.3134,26.601,38.0,-17.04,166.61,2024-08-21
35.321999,26.544001,40.040001,-17.04,166.61,2024-08-21
35.333,26.475,42.080002,-17.04,166.61,2024-08-21
35.3372,26.451,44.080002,-17.04,166.61,2024-08-21
35.3634,26.334,46.040001,-17.04,166.61,2024-08-21
35.403999,26.077999,48.0,-17.04,166.61,2024-08-21
35.408401,26.021,49.919998,-17.04,166.61,2024-08-21
35.409599,26.007999,51.959999,-17.04,166.61,2024-08-21
35.410198,26.0,54.040001,-17.04,166.61,2024-08-21
35.4104,25.993999,55.919998,-17.04,166.61,2024-08-21
35.411598,25.986,58.040001,-17.04,166.61,2024-08-21
35.4118,25.98,59.919998,-17.04,166.61,2024-08-21
35.415001,25.945999,62.0,-17.04,166.61,2024-08-21
35.4188,25.943001,64.040001,-17.04,166.61,2024-08-21
35.4342,25.927,65.919998,-17.04,166.61,2024-08-21
35.4562,25.874001,68.0,-17.04,166.61,2024-08-21
35.498001,25.802999,70.0,-17.04,166.61,2024-08-21
35.527802,25.756001,72.040001,-17.04,166.61,2024-08-21
35.525002,25.632,74.040001,-17.04,166.61,2024-08-21
35.5228,25.546,76.040001,-17.04,166.61,2024-08-21
35.526001,25.511999,77.959999,-17.04,166.61,2024-08-21
35.527,25.451,80.0,-17.04,166.61,2024-08-21
35.527401,25.41,82.080002,-17.04,166.61,2024-08-21
35.545601,25.363001,84.0,-17.04,166.61,2024-08-21
35.565399,25.35,86.0,-17.04,166.61,2024-08-21
35.5966,25.337999,88.040001,-17.04,166.61,2024-08-21
35.622799,25.263,90.080002,-17.04,166.61,2024-08-21
35.650398,25.209999,92.040001,-17.04,166.61,2024-08-21
35.678799,24.997999,94.040001,-17.04,166.61,2024-08-21
35.679001,24.921,96.040001,-17.04,166.61,2024-08-21
35.691399,24.944,98.040001,-17.04,166.61,2024-08-21
35.7104,24.941,100.040001,-17.04,166.61,2024-08-21
35.6964,24.857,102.040001,-17.04,166.61,2024-08-21
35.680199,24.621,104.0,-17.04,166.61,2024-08-21
35.676998,24.32,106.0,-17.04,166.61,2024-08-21
35.680401,24.313999,108.0,-17.04,166.61,2024-08-21
35.685799,24.313999,109.959999,-17.04,166.61,2024-08-21
35.687199,24.313,112.0,-17.04,166.61,2024-08-21
35.692402,24.306,113.959999,-17.04,166.61,2024-08-21
35.698002,24.282,116.0,-17.04,166.61,2024-08-21
35.706402,24.243999,118.040001,-17.04,166.61,2024-08-21
35.7206,24.172001,120.0,-17.04,166.61,2024-08-21
35.729,23.961,122.040001,-17.04,166.61,2024-08-21
35.7006,23.841,124.040001,-17.04,166.61,2024-08-21
35.691399,23.694,126.040001,-17.04,166.61,2024-08-21
35.652199,23.41,128.080002,-17.04,166.61,2024-08-21
35.6642,23.361,129.960007,-17.04,166.61,2024-08-21
35.6968,23.312,132.039993,-17.04,166.61,2024-08-21
35.743198,23.263,134.0,-17.04,166.61,2024-08-21
35.783199,23.252001,136.080002,-17.04,166.61,2024-08-21
35.852402,23.202999,137.919998,-17.04,166.61,2024-08-21
35.868401,23.195999,139.960007,-17.04,166.61,2024-08-21
35.8764,23.205,141.960007,-17.04,166.61,2024-08-21
35.893002,23.194,143.960007,-17.04,166.61,2024-08-21
35.915001,23.108,146.039993,-17.04,166.61,2024-08-21
35.9188,23.101,148.039993,-17.04,166.61,2024-08-21
35.930199,23.058001,149.960007,-17.04,166.61,2024-08-21
35.931599,22.981001,152.039993,-17.04,166.61,2024-08-21
35.931,22.971001,154.080002,-17.04,166.61,2024-08-21
35.934799,22.891001,155.960007,-17.04,166.61,2024-08-21
35.937801,22.788,157.919998,-17.04,166.61,2024-08-21
35.938,22.726999,159.880005,-17.04,166.61,2024-08-21
35.936199,22.679001,161.919998,-17.04,166.61,2024-08-21
35.939999,22.563,164.039993,-17.04,166.61,2024-08-21
35.915001,22.370001,166.080002,-17.04,166.61,2024-08-21
35.881001,22.190001,168.080002,-17.04,166.61,2024-08-21
35.852402,22.025999,170.039993,-17.04,166.61,2024-08-21
35.829601,21.959,171.960007,-17.04,166.61,2024-08-21
35.818001,21.922001,173.960007,-17.04,166.61,2024-08-21
35.807201,21.881001,175.960007,-17.04,166.61,2024-08-21
35.785,21.791,178.0,-17.04,166.61,2024-08-21
35.756001,21.667,180.039993,-17.04,166.61,2024-08-21
35.744598,21.466,181.919998,-17.04,166.61,2024-08-21
35.733002,21.231001,184.0,-17.04,166.61,2024-08-21
35.718601,21.156,186.080002,-17.04,166.61,2024-08-21
35.715199,21.101,188.0,-17.04,166.61,2024-08-21
35.718201,21.035,190.0,-17.04,166.61,2024-08-21
35.7164,20.860001,192.080002,-17.04,166.61,2024-08-21
35.701199,20.705,194.039993,-17.04,166.61,2024-08-21
35.690201,20.59,195.960007,-17.04,166.61,2024-08-21
35.687199,20.556999,198.0,-17.04,166.61,2024-08-21
35.687401,20.445999,200.0,-17.04,166.61,2024-08-21
35.681999,20.396,202.0,-17.04,166.61,2024-08-21
35.687401,20.202,204.080002,-17.04,166.61,2024-08-21
35.674999,20.027,206.039993,-17.04,166.61,2024-08-21
35.6688,19.959,207.960007,-17.04,166.61,2024-08-21
35.666,19.917999,210.0,-17.04,166.61,2024-08-21
35.666801,19.877001,212.0,-17.04,166.61,2024-08-21
35.6614,19.773001,213.919998,-17.04,166.61,2024-08-21
35.658798,19.750999,215.880005,-17.04,166.61,2024-08-21
35.654598,19.686001,217.880005,-17.04,166.61,2024-08-21
35.651199,19.667999,219.919998,-17.04,166.61,2024-08-21
35.649799,19.65,222.0,-17.04,166.61,2024-08-21
35.647202,19.632,224.080002,-17.04,166.61,2024-08-21
35.645802,19.594999,226.080002,-17.04,166.61,2024-08-21
35.6348,19.459999,228.039993,-17.04,166.61,2024-08-21
35.6208,19.319,229.960007,-17.04,166.61,2024-08-21
35.612,19.233999,231.960007,-17.04,166.61,2024-08-21
35.601799,19.142,234.039993,-17.04,166.61,2024-08-21
35.594002,19.034,236.0,-17.04,166.61,2024-08-21
35.578999,18.893,238.0,-17.04,166.61,2024-08-21
35.565201,18.735001,240.039993,-17.04,166.61,2024-08-21
35.549599,18.648001,242.0,-17.04,166.61,2024-08-21
35.546398,18.597,243.919998,-17.04,166.61,2024-08-21
35.538601,18.552999,246.0,-17.04,166.61,2024-08-21
35.537201,18.527,248.080002,-17.04,166.61,2024-08-21
35.5256,18.375999,250.0,-17.04,166.61,2024-08-21
35.506001,18.214001,251.960007,-17.04,166.61,2024-08-21
35.4972,18.106001,254.0,-17.04,166.61,2024-08-21
35.484798,18.014,256.040009,-17.04,166.61,2024-08-21
35.4786,17.951,257.959991,-17.04,166.61,2024-08-21
35.464199,17.735001,260.0,-17.04,166.61,2024-08-21
35.444401,17.634001,262.040009,-17.04,166.61,2024-08-21
35.443001,17.631001,263.959991,-17.04,166.61,2024-08-21
35.441601,17.611,266.0,-17.04,166.61,2024-08-21
35.434799,17.539,268.0,-17.04,166.61,2024-08-21
35.424999,17.417999,270.0,-17.04,166.61,2024-08-21
35.4146,17.368,272.0,-17.04,166.61,2024-08-21
35.4104,17.309,274.0,-17.04,166.61,2024-08-21
35.398201,17.222,276.079987,-17.04,166.61,2024-08-21
35.388199,17.117001,278.040009,-17.04,166.61,2024-08-21
35.375401,16.917999,280.0,-17.04,166.61,2024-08-21
35.348598,16.752001,281.959991,-17.04,166.61,2024-08-21
35.341999,16.695999,284.0,-17.04,166.61,2024-08-21
35.334,16.603001,286.040009,-17.04,166.61,2024-08-21
35.320801,16.475,288.079987,-17.04,166.61,2024-08-21
35.308601,16.365,290.040009,-17.04,166.61,2024-08-21
35.297798,16.271999,291.959991,-17.04,166.61,2024-08-21
35.289799,16.209999,294.0,-17.04,166.61,2024-08-21
35.285599,16.174999,296.079987,-17.04,166.61,2024-08-21
35.282001,16.136999,298.0,-17.04,166.61,2024-08-21
35.2756,16.072001,299.959991,-17.04,166.61,2024-08-21
35.266201,16.0,302.0,-17.04,166.61,2024-08-21
35.262798,15.982,304.0,-17.04,166.61,2024-08-21
35.260399,15.967,305.959991,-17.04,166.61,2024-08-21
35.258202,15.915,307.959991,-17.04,166.61,2024-08-21
35.247002,15.828,309.959991,-17.04,166.61,2024-08-21
35.239799,15.782,311.959991,-17.04,166.61,2024-08-21
35.235199,15.756,313.959991,-17.04,166.61,2024-08-21
35.2318,15.684,315.920013,-17.04,166.61,2024-08-21
35.216999,15.558,317.959991,-17.04,166.61,2024-08-21
35.205002,15.488,320.040009,-17.04,166.61,2024-08-21
35.197201,15.392,322.079987,-17.04,166.61,2024-08-21
35.187199,15.314,324.079987,-17.04,166.61,2024-08-21
35.178001,15.218,326.079987,-17.04,166.61,2024-08-21
35.172199,15.174,328.0,-17.04,166.61,2024-08-21
35.165001,15.103,330.040009,-17.04,166.61,2024-08-21
35.158001,15.049,332.040009,-17.04,166.61,2024-08-21
35.148399,14.942,333.959991,-17.04,166.61,2024-08-21
35.138599,14.823,336.0,-17.04,166.61,2024-08-21
35.110199,14.479,338.040009,-17.04,166.61,2024-08-21
35.088402,14.365,340.040009,-17.04,166.61,2024-08-21
35.083599,14.328,342.040009,-17.04,166.61,2024-08-21
35.080601,14.291,344.0,-17.04,166.61,2024-08-21
35.077,14.279,345.959991,-17.04,166.61,2024-08-21
35.075199,14.262,347.959991,-17.04,166.61,2024-08-21
35.071999,14.256,349.959991,-17.04,166.61,2024-08-21
35.0704,14.212,351.959991,-17.04,166.61,2024-08-21
35.057999,14.034,353.959991,-17.04,166.61,2024-08-21
35.041,13.946,355.959991,-17.04,166.61,2024-08-21
35.0364,13.908,358.0,-17.04,166.61,2024-08-21
35.028599,13.805,360.0,-17.04,166.61,2024-08-21
35.013599,13.642,362.0,-17.04,166.61,2024-08-21
34.990799,13.31,364.0,-17.04,166.61,2024-08-21
34.955601,13.05,366.0,-17.04,166.61,2024-08-21
34.947399,12.988,368.040009,-17.04,166.61,2024-08-21
34.939999,12.922,369.959991,-17.04,166.61,2024-08-21
34.934399,12.874,371.920013,-17.04,166.61,2024-08-21
34.927799,12.808,373.880005,-17.04,166.61,2024-08-21
34.925598,12.752,375.880005,-17.04,166.61,2024-08-21
34.911999,12.669,377.880005,-17.04,166.61,2024-08-21
34.910599,12.635,379.920013,-17.04,166.61,2024-08-21
34.9062,12.591,381.959991,-17.04,166.61,2024-08-21
34.898602,12.479,383.920013,-17.04,166.61,2024-08-21
34.888802,12.386,385.880005,-17.04,166.61,2024-08-21
34.880001,12.29,388.0,-17.04,166.61,2024-08-21
34.871399,12.209,390.079987,-17.04,166.61,2024-08-21
34.865398,12.152,392.119995,-17.04,166.61,2024-08-21
34.861401,12.122,394.040009,-17.04,166.61,2024-08-21
34.8568,12.089,396.0,-17.04,166.61,2024-08-21
34.855999,12.023,398.0,-17.04,166.61,2024-08-21
34.8386,11.858,400.0,-17.04,166.61,2024-08-21
34.827,11.747,402.079987,-17.04,166.61,2024-08-21
34.8158,11.572,404.040009,-17.04,166.61,2024-08-21
34.799999,11.425,406.0,-17.04,166.61,2024-08-21
34.788799,11.34,408.0,-17.04,166.61,2024-08-21
34.785599,11.321,410.0,-17.04,166.61,2024-08-21
34.784199,11.305,412.0,-17.04,166.61,2024-08-21
34.781799,11.287,414.0,-17.04,166.61,2024-08-21
34.7784,11.219,415.959991,-17.04,166.61,2024-08-21
34.7696,11.165,417.959991,-17.04,166.61,2024-08-21
34.766399,11.12,420.0,-17.04,166.61,2024-08-21
34.7584,11.033,421.959991,-17.04,166.61,2024-08-21
34.750999,10.965,423.959991,-17.04,166.61,2024-08-21
34.744598,10.829,425.959991,-17.04,166.61,2024-08-21
34.727001,10.713,428.0,-17.04,166.61,2024-08-21
34.721199,10.667,430.0,-17.04,166.61,2024-08-21
34.716599,10.611,432.040009,-17.04,166.61,2024-08-21
34.712002,10.567,434.0,-17.04,166.61,2024-08-21
34.7062,10.515,436.0,-17.04,166.61,2024-08-21
34.702,10.465,437.959991,-17.04,166.61,2024-08-21
34.6978,10.341,440.0,-17.04,166.61,2024-08-21
34.6828,10.234,441.959991,-17.04,166.61,2024-08-21
34.679001,10.218,443.959991,-17.04,166.61,2024-08-21
34.678398,10.176,446.0,-17.04,166.61,2024-08-21
34.671398,10.121,448.0,-17.04,166.61,2024-08-21
34.669399,10.092,449.920013,-17.04,166.61,2024-08-21
34.6642,10.037,451.959991,-17.04,166.61,2024-08-21
34.660999,9.985,454.0,-17.04,166.61,2024-08-21
34.6548,9.937,456.040009,-17.04,166.61,2024-08-21
34.653999,9.933,458.040009,-17.04,166.61,2024-08-21
34.652802,9.932,460.040009,-17.04,166.61,2024-08-21
34.652599,9.915,462.040009,-17.04,166.61,2024-08-21
34.6506,9.876,463.959991,-17.04,166.61,2024-08-21
34.646198,9.831,465.959991,-17.04,166.61,2024-08-21
34.644402,9.818,467.959991,-17.04,166.61,2024-08-21
34.644199,9.813,469.920013,-17.04,166.61,2024-08-21
34.643799,9.802,471.959991,-17.04,166.61,2024-08-21
34.6418,9.747,474.0,-17.04,166.61,2024-08-21
34.635399,9.72,476.0,-17.04,166.61,2024-08-21
34.632,9.593,478.040009,-17.04,166.61,2024-08-21
34.620602,9.546,480.040009,-17.04,166.61,2024-08-21
34.618801,9.538,481.920013,-17.04,166.61,2024-08-21
34.6166,9.51,483.920013,-17.04,166.61,2024-08-21
34.610401,9.446,486.0,-17.04,166.61,2024-08-21
34.608002,9.397,488.0,-17.04,166.61,2024-08-21
34.601799,9.325,490.040009,-17.04,166.61,2024-08-21
34.593601,9.244,492.079987,-17.04,166.61,2024-08-21
34.589199,9.195,494.040009,-17.04,166.61,2024-08-21
34.585602,9.171,496.040009,-17.04,166.61,2024-08-21
34.584202,9.138,498.0,-17.04,166.61,2024-08-21
34.580799,9.117,500.0,-17.04,166.61,2024-08-21
34.579201,9.096,502.040009,-17.04,166.61,2024-08-21
34.575401,9.044,503.959991,-17.04,166.61,2024-08-21
34.573601,8.972,505.959991,-17.04,166.61,2024-08-21
34.5616,8.839,508.0,-17.04,166.61,2024-08-21
34.557201,8.746,510.0,-17.04,166.61,2024-08-21
34.549198,8.689,512.039978,-17.04,166.61,2024-08-21
34.547001,8.656,514.0,-17.04,166.61,2024-08-21
34.545399,8.613,516.039978,-17.04,166.61,2024-08-21
34.541599,8.575,518.039978,-17.04,166.61,2024-08-21
34.541199,8.574,520.039978,-17.04,166.61,2024-08-21
34.540798,8.573,522.080017,-17.04,166.61,2024-08-21
34.5424,8.551,524.0,-17.04,166.61,2024-08-21
34.539398,8.524,526.039978,-17.04,166.61,2024-08-21
34.539398,8.513,528.119995,-17.04,166.61,2024-08-21
34.538799,8.5,530.0,-17.04,166.61,2024-08-21
34.540001,8.48,531.960022,-17.04,166.61,2024-08-21
34.5364,8.428,534.0,-17.04,166.61,2024-08-21
34.535599,8.336,536.0,-17.04,166.61,2024-08-21
34.523602,8.268,538.080017,-17.04,166.61,2024-08-21
34.520802,8.26,540.119995,-17.04,166.61,2024-08-21
34.519199,8.231,542.0,-17.04,166.61,2024-08-21
34.509201,8.077,543.960022,-17.04,166.61,2024-08-21
34.4972,8.012,546.0,-17.04,166.61,2024-08-21
34.496201,8.011,548.0,-17.04,166.61,2024-08-21
34.503799,8.04,550.0,-17.04,166.61,2024-08-21
34.506401,8.095,552.0,-17.04,166.61,2024-08-21
34.5284,8.023,554.0,-17.04,166.61,2024-08-21
34.485802,7.839,556.0,-17.04,166.61,2024-08-21
34.475399,7.776,558.0,-17.04,166.61,2024-08-21
34.4716,7.694,560.0,-17.04,166.61,2024-08-21
34.465199,7.665,562.0,-17.04,166.61,2024-08-21
34.464001,7.589,563.960022,-17.04,166.61,2024-08-21
34.4576,7.529,566.0,-17.04,166.61,2024-08-21
34.4576,7.474,568.0,-17.04,166.61,2024-08-21
34.450001,7.389,570.039978,-17.04,166.61,2024-08-21
34.447601,7.366,571.960022,-17.04,166.61,2024-08-21
34.446602,7.36,573.919983,-17.04,166.61,2024-08-21
34.447201,7.354,575.960022,-17.04,166.61,2024-08-21
34.448601,7.343,578.0,-17.04,166.61,2024-08-21
34.449001,7.322,580.0,-17.04,166.61,2024-08-21
34.448399,7.317,581.960022,-17.04,166.61,2024-08-21
34.4478,7.314,584.0,-17.04,166.61,2024-08-21
34.447201,7.313,586.039978,-17.04,166.61,2024-08-21
34.446999,7.311,588.0,-17.04,166.61,2024-08-21
34.445599,7.295,590.0,-17.04,166.61,2024-08-21
34.442799,7.262,592.080017,-17.04,166.61,2024-08-21
34.444,7.19,594.0,-17.04,166.61,2024-08-21
34.437599,7.147,596.0,-17.04,166.61,2024-08-21
34.437,7.127,598.0,-17.04,166.61,2024-08-21
34.436001,7.104,600.039978,-17.04,166.61,2024-08-21
34.435799,7.092,602.0,-17.04,166.61,2024-08-21
34.4394,7.075,604.0,-17.04,166.61,2024-08-21
34.4352,7.022,606.039978,-17.04,166.61,2024-08-21
34.432201,7.023,608.0,-17.04,166.61,2024-08-21
34.430599,7.005,610.0,-17.04,166.61,2024-08-21
34.428398,6.988,612.0,-17.04,166.61,2024-08-21
34.424999,6.984,614.0,-17.04,166.61,2024-08-21
34.424599,6.958,616.0,-17.04,166.61,2024-08-21
34.4216,6.932,618.039978,-17.04,166.61,2024-08-21
34.4216,6.904,620.039978,-17.04,166.61,2024-08-21
34.4198,6.889,622.039978,-17.04,166.61,2024-08-21
34.4202,6.89,623.919983,-17.04,166.61,2024-08-21
34.420399,6.887,625.960022,-17.04,166.61,2024-08-21
34.420601,6.878,627.960022,-17.04,166.61,2024-08-21
34.4216,6.859,629.919983,-17.04,166.61,2024-08-21
34.419201,6.825,632.0,-17.04,166.61,2024-08-21
34.417198,6.806,634.0,-17.04,166.61,2024-08-21
34.426601,6.842,636.0,-17.04,166.61,2024-08-21
34.424999,6.782,638.039978,-17.04,166.61,2024-08-21
34.419399,6.761,639.960022,-17.04,166.61,2024-08-21
34.416801,6.733,642.0,-17.04,166.61,2024-08-21
34.4202,6.704,643.960022,-17.04,166.61,2024-08-21
34.4146,6.637,645.919983,-17.04,166.61,2024-08-21
34.412601,6.613,648.039978,-17.04,166.61,2024-08-21
34.411598,6.562,650.0,-17.04,166.61,2024-08-21
34.409801,6.507,651.960022,-17.04,166.61,2024-08-21
34.405998,6.438,653.960022,-17.04,166.61,2024-08-21
34.403801,6.383,656.0,-17.04,166.61,2024-08-21
34.403801,6.363,657.960022,-17.04,166.61,2024-08-21
34.404598,6.36,659.960022,-17.04,166.61,2024-08-21
34.410801,6.38,662.039978,-17.04,166.61,2024-08-21
34.411999,6.362,664.039978,-17.04,166.61,2024-08-21
34.4076,6.322,666.0,-17.04,166.61,2024-08-21
34.402802,6.298,668.0,-17.04,166.61,2024-08-21
34.402199,6.286,670.039978,-17.04,166.61,2024-08-21
34.408401,6.272,672.039978,-17.04,166.61,2024-08-21
34.410999,6.252,674.039978,-17.04,166.61,2024-08-21
34.410999,6.246,675.960022,-17.04,166.61,2024-08-21
34.412201,6.245,677.960022,-17.04,166.61,2024-08-21
34.412601,6.239,680.0,-17.04,166.61,2024-08-21
34.4114,6.229,681.960022,-17.04,166.61,2024-08-21
34.410999,6.226,683.919983,-17.04,166.61,2024-08-21
34.4114,6.212,685.960022,-17.04,166.61,2024-08-21
34.411999,6.201,688.0,-17.04,166.61,2024-08-21
34.4104,6.157,690.0,-17.04,166.61,2024-08-21
34.409401,6.139,691.960022,-17.04,166.61,2024-08-21
34.409199,6.113,694.0,-17.04,166.61,2024-08-21
34.410198,6.089,696.039978,-17.04,166.61,2024-08-21
34.416,6.088,698.0,-17.04,166.61,2024-08-21
34.415401,6.056,700.0,-17.04,166.61,2024-08-21
34.412998,6.019,702.0,-17.04,166.61,2024-08-21
34.416599,6.008,704.039978,-17.04,166.61,2024-08-21
34.417599,5.992,706.080017,-17.04,166.61,2024-08-21
34.4188,5.987,708.039978,-17.04,166.61,2024-08-21
34.419601,5.985,709.960022,-17.04,166.61,2024-08-21
34.420799,5.985,712.0,-17.04,166.61,2024-08-21
34.421398,5.982,714.039978,-17.04,166.61,2024-08-21
34.4212,5.975,716.039978,-17.04,166.61,2024-08-21
34.421001,5.971,718.0,-17.04,166.61,2024-08-21
34.420799,5.967,720.0,-17.04,166.61,2024-08-21
34.4216,5.945,722.039978,-17.04,166.61,2024-08-21
34.419998,5.924,724.0,-17.04,166.61,2024-08-21
34.419998,5.915,725.919983,-17.04,166.61,2024-08-21
34.422001,5.902,727.960022,-17.04,166.61,2024-08-21
34.426399,5.899,730.0,-17.04,166.61,2024-08-21
34.429001,5.895,732.0,-17.04,166.61,2024-08-21
34.429798,5.886,733.960022,-17.04,166.61,2024-08-21
34.429401,5.88,736.0,-17.04,166.61,2024-08-21
34.4296,5.873,738.039978,-17.04,166.61,2024-08-21
34.429401,5.868,739.960022,-17.04,166.61,2024-08-21
34.43,5.857,741.960022,-17.04,166.61,2024-08-21
34.431801,5.841,744.0,-17.04,166.61,2024-08-21
34.4328,5.827,746.0,-17.04,166.61,2024-08-21
34.435001,5.812,748.0,-17.04,166.61,2024-08-21
34.4366,5.798,750.0,-17.04,166.61,2024-08-21
34.436798,5.796,752.0,-17.04,166.61,2024-08-21
34.437401,5.785,753.960022,-17.04,166.61,2024-08-21
34.439201,5.766,755.919983,-17.04,166.61,2024-08-21
34.439602,5.722,757.960022,-17.04,166.61,2024-08-21
34.438999,5.706,760.0,-17.04,166.61,2024-08-21
34.438999,5.695,762.0,-17.04,166.61,2024-08-21
34.438999,5.675,764.0,-17.04,166.61,2024-08-21
34.4384,5.663,766.0,-17.04,166.61,2024-08-21
34.439602,5.633,768.039978,-17.04,166.61,2024-08-21
34.438801,5.598,770.080017,-17.04,166.61,2024-08-21
34.437599,5.581,772.039978,-17.04,166.61,2024-08-21
34.440201,5.561,773.960022,-17.04,166.61,2024-08-21
34.440601,5.517,775.919983,-17.04,166.61,2024-08-21
34.440399,5.498,777.960022,-17.04,166.61,2024-08-21
34.440399,5.477,780.0,-17.04,166.61,2024-08-21
34.440399,5.455,782.0,-17.04,166.61,2024-08-21
34.4408,5.446,783.960022,-17.04,166.61,2024-08-21
34.4412,5.443,786.0,-17.04,166.61,2024-08-21
34.4422,5.43,788.0,-17.04,166.61,2024-08-21
34.443401,5.413,789.960022,-17.04,166.61,2024-08-21
34.443802,5.405,792.0,-17.04,166.61,2024-08-21
34.444401,5.389,794.039978,-17.04,166.61,2024-08-21
34.445999,5.354,796.080017,-17.04,166.61,2024-08-21
34.444599,5.337,798.0,-17.04,166.61,2024-08-21
34.4436,5.33,799.919983,-17.04,166.61,2024-08-21
34.444401,5.304,802.0,-17.04,166.61,2024-08-21
34.4454,5.282,804.039978,-17.04,166.61,2024-08-21
34.444401,5.274,805.960022,-17.04,166.61,2024-08-21
34.444199,5.269,807.919983,-17.04,166.61,2024-08-21
34.444599,5.261,809.919983,-17.04,166.61,2024-08-21
34.444801,5.252,812.0,-17.04,166.61,2024-08-21
34.444599,5.242,814.039978,-17.04,166.61,2024-08-21
34.445,5.236,815.960022,-17.04,166.61,2024-08-21
34.445202,5.229,817.960022,-17.04,166.61,2024-08-21
34.444599,5.219,820.039978,-17.04,166.61,2024-08-21
34.444599,5.206,822.0,-17.04,166.61,2024-08-21
34.4454,5.181,823.960022,-17.04,166.61,2024-08-21
34.445599,5.129,826.039978,-17.04,166.61,2024-08-21
34.447201,5.105,828.0,-17.04,166.61,2024-08-21
34.4468,5.088,829.960022,-17.04,166.61,2024-08-21
34.446201,5.085,832.0,-17.04,166.61,2024-08-21
34.448002,5.068,833.960022,-17.04,166.61,2024-08-21
34.448399,5.043,836.039978,-17.04,166.61,2024-08-21
34.448799,5.031,838.080017,-17.04,166.61,2024-08-21
34.4482,5.029,840.0,-17.04,166.61,2024-08-21
34.448399,5.027,841.960022,-17.04,166.61,2024-08-21
34.448601,5.023,844.0,-17.04,166.61,2024-08-21
34.448399,5.021,846.039978,-17.04,166.61,2024-08-21
34.448399,5.018,848.080017,-17.04,166.61,2024-08-21
34.4482,5.016,850.0,-17.04,166.61,2024-08-21
34.448399,5.013,852.039978,-17.04,166.61,2024-08-21
34.448002,5.012,854.080017,-17.04,166.61,2024-08-21
34.447601,5.012,856.0,-17.04,166.61,2024-08-21
34.448002,5.003,857.960022,-17.04,166.61,2024-08-21
34.450001,4.962,859.960022,-17.04,166.61,2024-08-21
34.448601,4.951,862.0,-17.04,166.61,2024-08-21
34.449799,4.929,863.960022,-17.04,166.61,2024-08-21
34.450401,4.89,865.919983,-17.04,166.61,2024-08-21
34.4506,4.869,867.960022,-17.04,166.61,2024-08-21
34.451599,4.856,870.039978,-17.04,166.61,2024-08-21
34.4524,4.847,872.0,-17.04,166.61,2024-08-21
34.453602,4.833,873.960022,-17.04,166.61,2024-08-21
34.453999,4.83,876.039978,-17.04,166.61,2024-08-21
34.453602,4.827,878.039978,-17.04,166.61,2024-08-21
34.4538,4.821,880.080017,-17.04,166.61,2024-08-21
34.453602,4.813,882.039978,-17.04,166.61,2024-08-21
34.4534,4.803,884.039978,-17.04,166.61,2024-08-21
34.457401,4.751,886.080017,-17.04,166.61,2024-08-21
34.457199,4.712,887.960022,-17.04,166.61,2024-08-21
34.457802,4.693,889.919983,-17.04,166.61,2024-08-21
34.458801,4.685,891.960022,-17.04,166.61,2024-08-21
34.459801,4.679,894.039978,-17.04,166.61,2024-08-21
34.459801,4.676,896.039978,-17.04,166.61,2024-08-21
34.459801,4.675,898.039978,-17.04,166.61,2024-08-21
34.459999,4.674,900.039978,-17.04,166.61,2024-08-21
34.460201,4.673,901.960022,-17.04,166.61,2024-08-21
34.460201,4.67,904.0,-17.04,166.61,2024-08-21
34.4604,4.667,906.119995,-17.04,166.61,2024-08-21
34.4604,4.666,908.039978,-17.04,166.61,2024-08-21
34.460602,4.662,909.960022,-17.04,166.61,2024-08-21
34.461201,4.654,911.960022,-17.04,166.61,2024-08-21
34.461399,4.647,913.960022,-17.04,166.61,2024-08-21
34.462399,4.638,915.960022,-17.04,166.61,2024-08-21
34.462799,4.629,917.919983,-17.04,166.61,2024-08-21
34.4632,4.622,919.960022,-17.04,166.61,2024-08-21
34.463001,4.62,922.039978,-17.04,166.61,2024-08-21
34.463402,4.612,924.0,-17.04,166.61,2024-08-21
34.464401,4.596,925.960022,-17.04,166.61,2024-08-21
34.464199,4.589,928.039978,-17.04,166.61,2024-08-21
34.464401,4.583,930.039978,-17.04,166.61,2024-08-21
34.4646,4.572,932.039978,-17.04,166.61,2024-08-21
34.466,4.547,934.039978,-17.04,166.61,2024-08-21
34.466599,4.512,936.039978,-17.04,166.61,2024-08-21
34.466999,4.501,938.039978,-17.04,166.61,2024-08-21
34.467602,4.488,940.0,-17.04,166.61,2024-08-21
34.4678,4.483,941.919983,-17.04,166.61,2024-08-21
34.468201,4.479,943.960022,-17.04,166.61,2024-08-21
34.468201,4.475,946.0,-17.04,166.61,2024-08-21
34.4688,4.472,947.919983,-17.04,166.61,2024-08-21
34.4692,4.469,949.960022,-17.04,166.61,2024-08-21
34.4702,4.46,951.960022,-17.04,166.61,2024-08-21
34.469799,4.456,954.039978,-17.04,166.61,2024-08-21
34.470402,4.451,956.080017,-17.04,166.61,2024-08-21
34.4706,4.445,958.080017,-17.04,166.61,2024-08-21
34.4706,4.445,960.080017,-17.04,166.61,2024-08-21
34.470402,4.445,962.039978,-17.04,166.61,2024-08-21
34.470402,4.446,964.039978,-17.04,166.61,2024-08-21
34.470402,4.445,966.080017,-17.04,166.61,2024-08-21
34.4716,4.434,968.039978,-17.04,166.61,2024-08-21
34.4716,4.423,970.0,-17.04,166.61,2024-08-21
34.472198,4.41,972.0,-17.04,166.61,2024-08-21
34.473801,4.387,974.080017,-17.04,166.61,2024-08-21
34.476398,4.364,976.039978,-17.04,166.61,2024-08-21
34.478401,4.344,978.039978,-17.04,166.61,2024-08-21
34.479599,4.321,980.0,-17.04,166.61,2024-08-21
34.479599,4.312,982.0,-17.04,166.61,2024-08-21
34.479401,4.311,984.0,-17.04,166.61,2024-08-21
34.479401,4.31,986.0,-17.04,166.61,2024-08-21
34.480598,4.3,987.960022,-17.04,166.61,2024-08-21
34.482201,4.282,989.960022,-17.04,166.61,2024-08-21
34.482601,4.272,991.960022,-17.04,166.61,2024-08-21
34.482601,4.267,993.919983,-17.04,166.61,2024-08-21
34.4828,4.263,995.960022,-17.04,166.61,2024-08-21
34.4832,4.256,997.919983,-17.04,166.61,2024-08-21
34.483601,4.25,1000.0,-17.04,166.61,2024-08-21
34.4842,4.241,1002.039978,-17.04,166.61,2024-08-21
34.4846,4.234,1004.039978,-17.04,166.61,2024-08-21
34.484798,4.227,1006.039978,-17.04,166.61,2024-08-21
34.4846,4.225,1008.039978,-17.04,166.61,2024-08-21
34.485401,4.221,1010.039978,-17.04,166.61,2024-08-21
34.486198,4.207,1012.080017,-17.04,166.61,2024-08-21
34.485802,4.203,1014.080017,-17.04,166.61,2024-08-21
34.486801,4.197,1016.039978,-17.04,166.61,2024-08-21
34.4884,4.18,1017.960022,-17.04,166.61,2024-08-21
34.4884,4.174,1020.0,-17.04,166.61,2024-08-21
34.488998,4.164,1022.0,-17.04,166.61,2024-08-21
34.490398,4.155,1024.0,-17.04,166.61,2024-08-21
34.4916,4.141,1025.959961,-17.04,166.61,2024-08-21
34.491798,4.131,1027.920044,-17.04,166.61,2024-08-21
34.491402,4.128,1029.920044,-17.04,166.61,2024-08-21
34.4916,4.119,1031.959961,-17.04,166.61,2024-08-21
34.492001,4.102,1033.959961,-17.04,166.61,2024-08-21
34.492401,4.092,1035.959961,-17.04,166.61,2024-08-21
34.494202,4.074,1037.959961,-17.04,166.61,2024-08-21
34.493999,4.066,1039.920044,-17.04,166.61,2024-08-21
34.494999,4.059,1041.959961,-17.04,166.61,2024-08-21
34.4958,4.05,1044.0,-17.04,166.61,2024-08-21
34.495602,4.043,1046.079956,-17.04,166.61,2024-08-21
34.495602,4.042,1048.040039,-17.04,166.61,2024-08-21
34.495399,4.04,1049.920044,-17.04,166.61,2024-08-21
34.495998,4.033,1051.920044,-17.04,166.61,2024-08-21
34.496399,4.026,1054.0,-17.04,166.61,2024-08-21
34.496399,4.023,1056.040039,-17.04,166.61,2024-08-21
34.496399,4.017,1058.040039,-17.04,166.61,2024-08-21
34.4972,4.009,1059.959961,-17.04,166.61,2024-08-21
34.498001,3.998,1061.959961,-17.04,166.61,2024-08-21
34.499001,3.987,1063.959961,-17.04,166.61,2024-08-21
34.499401,3.979,1065.959961,-17.04,166.61,2024-08-21
34.499599,3.971,1067.959961,-17.04,166.61,2024-08-21
34.499599,3.967,1070.0,-17.04,166.61,2024-08-21
34.500198,3.962,1072.0,-17.04,166.61,2024-08-21
34.500198,3.954,1073.959961,-17.04,166.61,2024-08-21
34.500599,3.948,1076.0,-17.04,166.61,2024-08-21
34.500401,3.942,1078.040039,-17.04,166.61,2024-08-21
34.5014,3.932,1080.0,-17.04,166.61,2024-08-21
34.5028,3.914,1082.040039,-17.04,166.61,2024-08-21
34.503601,3.901,1084.0,-17.04,166.61,2024-08-21
34.502998,3.896,1085.959961,-17.04,166.61,2024-08-21
34.5056,3.876,1087.959961,-17.04,166.61,2024-08-21
34.506001,3.861,1089.959961,-17.04,166.61,2024-08-21
34.506802,3.854,1092.040039,-17.04,166.61,2024-08-21
34.507401,3.843,1094.040039,-17.04,166.61,2024-08-21
34.507999,3.839,1096.0,-17.04,166.61,2024-08-21
34.510399,3.833,1098.0,-17.04,166.61,2024-08-21
34.511002,3.83,1100.079956,-17.04,166.61,2024-08-21
34.511398,3.83,1101.959961,-17.04,166.61,2024-08-21
34.5116,3.828,1103.920044,-17.04,166.61,2024-08-21
34.5116,3.826,1106.040039,-17.04,166.61,2024-08-21
34.5116,3.825,1108.040039,-17.04,166.61,2024-08-21
34.5116,3.826,1110.0,-17.04,166.61,2024-08-21
34.511799,3.827,1112.079956,-17.04,166.61,2024-08-21
34.511799,3.827,1114.040039,-17.04,166.61,2024-08-21
34.512001,3.827,1116.040039,-17.04,166.61,2024-08-21
34.512199,3.827,1118.0,-17.04,166.61,2024-08-21
34.512199,3.826,1120.0,-17.04,166.61,2024-08-21
34.512199,3.826,1122.040039,-17.04,166.61,2024-08-21
34.512199,3.824,1124.040039,-17.04,166.61,2024-08-21
34.512798,3.819,1126.0,-17.04,166.61,2024-08-21
34.514801,3.799,1128.040039,-17.04,166.61,2024-08-21
34.515999,3.784,1129.959961,-17.04,166.61,2024-08-21
34.516998,3.774,1131.959961,-17.04,166.61,2024-08-21
34.517799,3.769,1133.959961,-17.04,166.61,2024-08-21
34.5186,3.766,1135.920044,-17.04,166.61,2024-08-21
34.519001,3.759,1138.040039,-17.04,166.61,2024-08-21
34.519001,3.755,1140.040039,-17.04,166.61,2024-08-21
34.519402,3.745,1141.959961,-17.04,166.61,2024-08-21
34.519199,3.732,1143.959961,-17.04,166.61,2024-08-21
34.519199,3.727,1146.0,-17.04,166.61,2024-08-21
34.5186,3.718,1148.0,-17.04,166.61,2024-08-21
34.519199,3.703,1150.040039,-17.04,166.61,2024-08-21
34.5196,3.69,1152.040039,-17.04,166.61,2024-08-21
34.5196,3.686,1153.959961,-17.04,166.61,2024-08-21
34.5196,3.683,1155.959961,-17.04,166.61,2024-08-21
34.5196,3.682,1158.0,-17.04,166.61,2024-08-21
34.520199,3.682,1159.920044,-17.04,166.61,2024-08-21
34.521801,3.665,1161.959961,-17.04,166.61,2024-08-21
34.523201,3.669,1163.959961,-17.04,166.61,2024-08-21
34.524799,3.669,1166.0,-17.04,166.61,2024-08-21
34.526402,3.664,1167.959961,-17.04,166.61,2024-08-21
34.527,3.661,1170.0,-17.04,166.61,2024-08-21
34.528999,3.647,1172.040039,-17.04,166.61,2024-08-21
34.5294,3.636,1174.040039,-17.04,166.61,2024-08-21
34.5294,3.633,1176.0,-17.04,166.61,2024-08-21
34.530998,3.623,1177.959961,-17.04,166.61,2024-08-21
34.530998,3.616,1180.0,-17.04,166.61,2024-08-21
34.532398,3.607,1182.079956,-17.04,166.61,2024-08-21
34.532799,3.597,1184.079956,-17.04,166.61,2024-08-21
34.532799,3.595,1185.920044,-17.04,166.61,2024-08-21
34.532799,3.595,1187.920044,-17.04,166.61,2024-08-21
34.532799,3.593,1189.959961,-17.04,166.61,2024-08-21
34.532799,3.593,1192.040039,-17.04,166.61,2024-08-21
34.533401,3.589,1194.0,-17.04,166.61,2024-08-21
34.533001,3.588,1196.0,-17.04,166.61,2024-08-21
34.534,3.582,1197.959961,-17.04,166.61,2024-08-21
34.533798,3.579,1199.959961,-17.04,166.61,2024-08-21
34.533798,3.579,1201.920044,-17.04,166.61,2024-08-21
34.533798,3.579,1204.0,-17.04,166.61,2024-08-21
34.534,3.577,1206.079956,-17.04,166.61,2024-08-21
34.534,3.576,1208.040039,-17.04,166.61,2024-08-21
34.534199,3.575,1210.0,-17.04,166.61,2024-08-21
34.534401,3.573,1211.959961,-17.04,166.61,2024-08-21
34.534401,3.57,1214.040039,-17.04,166.61,2024-08-21
34.5354,3.563,1216.079956,-17.04,166.61,2024-08-21
34.536999,3.544,1218.079956,-17.04,166.61,2024-08-21
34.536999,3.538,1220.040039,-17.04,166.61,2024-08-21
34.536999,3.535,1222.0,-17.04,166.61,2024-08-21
34.537601,3.53,1223.959961,-17.04,166.61,2024-08-21
34.537399,3.528,1226.0,-17.04,166.61,2024-08-21
34.537399,3.526,1228.040039,-17.04,166.61,2024-08-21
34.537998,3.519,1230.079956,-17.04,166.61,2024-08-21
34.538799,3.509,1232.040039,-17.04,166.61,2024-08-21
34.5392,3.497,1234.0,-17.04,166.61,2024-08-21
34.5406,3.485,1236.0,-17.04,166.61,2024-08-21
34.5406,3.477,1237.959961,-17.04,166.61,2024-08-21
34.5406,3.475,1239.959961,-17.04,166.61,2024-08-21
34.540798,3.471,1241.959961,-17.04,166.61,2024-08-21
34.541,3.468,1244.079956,-17.04,166.61,2024-08-21
34.541199,3.465,1246.079956,-17.04,166.61,2024-08-21
34.541199,3.462,1248.040039,-17.04,166.61,2024-08-21
34.5424,3.453,1250.040039,-17.04,166.61,2024-08-21
34.542,3.451,1252.0,-17.04,166.61,2024-08-21
34.542,3.451,1254.0,-17.04,166.61,2024-08-21
34.541801,3.451,1256.0,-17.04,166.61,2024-08-21
34.541801,3.45,1257.959961,-17.04,166.61,2024-08-21
34.542198,3.447,1260.0,-17.04,166.61,2024-08-21
34.542599,3.441,1262.079956,-17.04,166.61,2024-08-21
34.543201,3.432,1264.079956,-17.04,166.61,2024-08-21
34.5434,3.428,1266.040039,-17.04,166.61,2024-08-21
34.544201,3.419,1268.040039,-17.04,166.61,2024-08-21
34.544601,3.413,1270.040039,-17.04,166.61,2024-08-21
34.5448,3.408,1272.040039,-17.04,166.61,2024-08-21
34.5452,3.404,1274.079956,-17.04,166.61,2024-08-21
34.545399,3.399,1276.119995,-17.04,166.61,2024-08-21
34.545601,3.396,1278.079956,-17.04,166.61,2024-08-21
34.5462,3.39,1280.040039,-17.04,166.61,2024-08-21
34.545799,3.39,1281.959961,-17.04,166.61,2024-08-21
34.546398,3.388,1283.920044,-17.04,166.61,2024-08-21
34.547401,3.376,1285.959961,-17.04,166.61,2024-08-21
34.546799,3.375,1288.0,-17.04,166.61,2024-08-21
34.547199,3.372,1290.040039,-17.04,166.61,2024-08-21
34.548599,3.361,1292.079956,-17.04,166.61,2024-08-21
34.548801,3.355,1294.040039,-17.04,166.61,2024-08-21
34.549999,3.344,1296.079956,-17.04,166.61,2024-08-21
34.551399,3.331,1298.119995,-17.04,166.61,2024-08-21
34.551399,3.316,1300.040039,-17.04,166.61,2024-08-21
34.551201,3.313,1302.0,-17.04,166.61,2024-08-21
34.551201,3.313,1304.079956,-17.04,166.61,2024-08-21
34.551201,3.313,1306.040039,-17.04,166.61,2024-08-21
34.5518,3.311,1307.920044,-17.04,166.61,2024-08-21
34.552601,3.306,1310.040039,-17.04,166.61,2024-08-21
34.552399,3.304,1312.119995,-17.04,166.61,2024-08-21
34.553398,3.299,1314.119995,-17.04,166.61,2024-08-21
34.553398,3.294,1315.959961,-17.04,166.61,2024-08-21
34.553799,3.29,1317.959961,-17.04,166.61,2024-08-21
34.5536,3.289,1320.040039,-17.04,166.61,2024-08-21
34.554199,3.285,1322.040039,-17.04,166.61,2024-08-21
34.5546,3.281,1324.040039,-17.04,166.61,2024-08-21
34.5546,3.279,1326.0,-17.04,166.61,2024-08-21
34.554798,3.276,1327.959961,-17.04,166.61,2024-08-21
34.555,3.271,1329.920044,-17.04,166.61,2024-08-21
34.555401,3.265,1332.0,-17.04,166.61,2024-08-21
34.555199,3.261,1334.079956,-17.04,166.61,2024-08-21
34.555599,3.258,1336.040039,-17.04,166.61,2024-08-21
34.555801,3.255,1338.040039,-17.04,166.61,2024-08-21
34.5564,3.249,1340.0,-17.04,166.61,2024-08-21
34.557999,3.231,1341.959961,-17.04,166.61,2024-08-21
34.5574,3.219,1343.959961,-17.04,166.61,2024-08-21
34.557598,3.217,1345.959961,-17.04,166.61,2024-08-21
34.5574,3.217,1347.959961,-17.04,166.61,2024-08-21
34.557598,3.214,1349.959961,-17.04,166.61,2024-08-21
34.557598,3.214,1351.959961,-17.04,166.61,2024-08-21
34.557598,3.213,1354.040039,-17.04,166.61,2024-08-21
34.557999,3.209,1356.040039,-17.04,166.61,2024-08-21
34.558601,3.204,1357.920044,-17.04,166.61,2024-08-21
34.5588,3.202,1360.040039,-17.04,166.61,2024-08-21
34.558998,3.2,1362.119995,-17.04,166.61,2024-08-21
34.559399,3.199,1364.0,-17.04,166.61,2024-08-21
34.560398,3.196,1366.0,-17.04,166.61,2024-08-21
34.560398,3.196,1368.079956,-17.04,166.61,2024-08-21
34.5602,3.196,1369.959961,-17.04,166.61,2024-08-21
34.560799,3.192,1371.959961,-17.04,166.61,2024-08-21
34.561001,3.187,1374.040039,-17.04,166.61,2024-08-21
34.5616,3.181,1376.040039,-17.04,166.61,2024-08-21
34.562199,3.174,1378.040039,-17.04,166.61,2024-08-21
34.5634,3.162,1380.0,-17.04,166.61,2024-08-21
34.5644,3.145,1382.0,-17.04,166.61,2024-08-21
34.565201,3.134,1384.040039,-17.04,166.61,2024-08-21
34.565601,3.128,1385.959961,-17.04,166.61,2024-08-21
34.5662,3.119,1388.0,-17.04,166.61,2024-08-21
34.566799,3.114,1390.079956,-17.04,166.61,2024-08-21
34.5672,3.107,1391.959961,-17.04,166.61,2024-08-21
34.567402,3.103,1393.880005,-17.04,166.61,2024-08-21
34.5676,3.1,1395.959961,-17.04,166.61,2024-08-21
34.568401,3.093,1398.079956,-17.04,166.61,2024-08-21
34.568802,3.086,1400.0,-17.04,166.61,2024-08-21
34.569199,3.083,1401.920044,-17.04,166.61,2024-08-21
34.569599,3.079,1404.040039,-17.04,166.61,2024-08-21
34.569801,3.075,1406.119995,-17.04,166.61,2024-08-21
34.569801,3.075,1408.040039,-17.04,166.61,2024-08-21
34.569801,3.074,1409.959961,-17.04,166.61,2024-08-21
34.569801,3.072,1412.0,-17.04,166.61,2024-08-21
34.570801,3.067,1414.0,-17.04,166.61,2024-08-21
34.572201,3.054,1416.040039,-17.04,166.61,2024-08-21
34.571999,3.054,1417.959961,-17.04,166.61,2024-08-21
34.571999,3.053,1419.959961,-17.04,166.61,2024-08-21
34.572601,3.05,1422.079956,-17.04,166.61,2024-08-21
34.5732,3.043,1424.0,-17.04,166.61,2024-08-21
34.5732,3.041,1426.040039,-17.04,166.61,2024-08-21
34.573601,3.039,1428.040039,-17.04,166.61,2024-08-21
34.573601,3.038,1429.959961,-17.04,166.61,2024-08-21
34.573601,3.038,1431.959961,-17.04,166.61,2024-08-21
34.573601,3.038,1434.0,-17.04,166.61,2024-08-21
34.573799,3.037,1436.040039,-17.04,166.61,2024-08-21
34.574402,3.032,1438.040039,-17.04,166.61,2024-08-21
34.574402,3.031,1440.079956,-17.04,166.61,2024-08-21
34.5746,3.029,1442.0,-17.04,166.61,2024-08-21
34.574799,3.028,1443.880005,-17.04,166.61,2024-08-21
34.574799,3.026,1446.0,-17.04,166.61,2024-08-21
34.575401,3.021,1448.0,-17.04,166.61,2024-08-21
34.576,3.015,1449.880005,-17.04,166.61,2024-08-21
34.576199,3.012,1451.959961,-17.04,166.61,2024-08-21
34.576199,3.011,1453.959961,-17.04,166.61,2024-08-21
34.576401,3.01,1455.920044,-17.04,166.61,2024-08-21
34.577,3.005,1458.040039,-17.04,166.61,2024-08-21
34.577202,3.001,1460.0,-17.04,166.61,2024-08-21
34.577599,2.997,1462.0,-17.04,166.61,2024-08-21
34.577599,2.995,1464.0,-17.04,166.61,2024-08-21
34.577599,2.993,1465.959961,-17.04,166.61,2024-08-21
34.577801,2.993,1467.959961,-17.04,166.61,2024-08-21
34.5788,2.986,1470.040039,-17.04,166.61,2024-08-21
34.578602,2.983,1472.040039,-17.04,166.61,2024-08-21
34.579201,2.979,1473.959961,-17.04,166.61,2024-08-21
34.579601,2.973,1475.959961,-17.04,166.61,2024-08-21
34.580399,2.966,1477.959961,-17.04,166.61,2024-08-21
34.582001,2.953,1480.040039,-17.04,166.61,2024-08-21
34.582199,2.948,1482.040039,-17.04,166.61,2024-08-21
34.582199,2.946,1483.959961,-17.04,166.61,2024-08-21
34.5826,2.943,1485.959961,-17.04,166.61,2024-08-21
34.583801,2.935,1487.959961,-17.04,166.61,2024-08-21
34.5844,2.928,1490.040039,-17.04,166.61,2024-08-21
34.5844,2.926,1492.040039,-17.04,166.61,2024-08-21
34.584999,2.924,1494.0,-17.04,166.61,2024-08-21
34.584801,2.923,1496.040039,-17.04,166.61,2024-08-21
34.584801,2.923,1497.880005,-17.04,166.61,2024-08-21
34.584801,2.923,1499.959961,-17.04,166.61,2024-08-21
34.584801,2.922,1502.0,-17.04,166.61,2024-08-21
34.584999,2.921,1504.0,-17.04,166.61,2024-08-21
34.585201,2.918,1506.0,-17.04,166.61,2024-08-21
34.585602,2.914,1507.959961,-17.04,166.61,2024-08-21
34.585999,2.91,1510.0,-17.04,166.61,2024-08-21
34.5868,2.904,1512.0,-17.04,166.61,2024-08-21
34.587601,2.895,1514.0,-17.04,166.61,2024-08-21
34.587399,2.892,1516.0,-17.04,166.61,2024-08-21
34.587799,2.889,1518.0,-17.04,166.61,2024-08-21
34.588402,2.883,1520.040039,-17.04,166.61,2024-08-21
34.588799,2.879,1522.040039,-17.04,166.61,2024-08-21
34.590401,2.87,1523.959961,-17.04,166.61,2024-08-21
34.590599,2.863,1526.0,-17.04,166.61,2024-08-21
34.590801,2.859,1528.040039,-17.04,166.61,2024-08-21
34.591202,2.856,1529.959961,-17.04,166.61,2024-08-21
34.591202,2.854,1531.959961,-17.04,166.61,2024-08-21
34.591801,2.85,1534.0,-17.04,166.61,2024-08-21
34.5924,2.846,1535.959961,-17.04,166.61,2024-08-21
34.592602,2.844,1537.959961,-17.04,166.61,2024-08-21
34.5928,2.843,1540.0,-17.04,166.61,2024-08-21
34.592999,2.841,1542.0,-17.04,166.61,2024-08-21
34.593399,2.838,1544.0,-17.04,166.61,2024-08-21
34.593601,2.834,1546.0,-17.04,166.61,2024-08-21
34.593601,2.834,1548.040039,-17.04,166.61,2024-08-21
34.5942,2.831,1549.920044,-17.04,166.61,2024-08-21
34.5942,2.828,1551.959961,-17.04,166.61,2024-08-21
34.5942,2.827,1553.959961,-17.04,166.61,2024-08-21
34.594398,2.825,1556.0,-17.04,166.61,2024-08-21
34.594601,2.822,1558.0,-17.04,166.61,2024-08-21
34.595001,2.819,1560.0,-17.04,166.61,2024-08-21
34.5952,2.818,1562.079956,-17.04,166.61,2024-08-21
34.596001,2.814,1564.040039,-17.04,166.61,2024-08-21
34.5956,2.812,1566.040039,-17.04,166.61,2024-08-21
34.596199,2.809,1568.079956,-17.04,166.61,2024-08-21
34.597,2.802,1570.040039,-17.04,166.61,2024-08-21
34.597599,2.797,1572.0,-17.04,166.61,2024-08-21
34.597801,2.794,1574.040039,-17.04,166.61,2024-08-21
34.598,2.791,1575.959961,-17.04,166.61,2024-08-21
34.598598,2.786,1578.0,-17.04,166.61,2024-08-21
34.598999,2.782,1580.040039,-17.04,166.61,2024-08-21
34.599602,2.775,1582.0,-17.04,166.61,2024-08-21
34.599998,2.769,1584.0,-17.04,166.61,2024-08-21
34.600399,2.765,1585.959961,-17.04,166.61,2024-08-21
34.600601,2.759,1588.0,-17.04,166.61,2024-08-21
34.601601,2.754,1590.040039,-17.04,166.61,2024-08-21
34.601799,2.749,1591.920044,-17.04,166.61,2024-08-21
34.601799,2.747,1593.959961,-17.04,166.61,2024-08-21
34.602001,2.745,1596.040039,-17.04,166.61,2024-08-21
34.603199,2.737,1598.0,-17.04,166.61,2024-08-21
34.603802,2.729,1600.040039,-17.04,166.61,2024-08-21
34.604,2.724,1602.0,-17.04,166.61,2024-08-21
34.604198,2.722,1603.959961,-17.04,166.61,2024-08-21
34.604401,2.719,1606.040039,-17.04,166.61,2024-08-21
34.604599,2.717,1607.959961,-17.04,166.61,2024-08-21
34.604599,2.716,1610.0,-17.04,166.61,2024-08-21
34.604801,2.714,1612.040039,-17.04,166.61,2024-08-21
34.6054,2.71,1614.0,-17.04,166.61,2024-08-21
34.605598,2.707,1615.959961,-17.04,166.61,2024-08-21
34.6054,2.707,1617.920044,-17.04,166.61,2024-08-21
34.605801,2.705,1619.959961,-17.04,166.61,2024-08-21
34.605999,2.702,1621.959961,-17.04,166.61,2024-08-21
34.606201,2.7,1624.040039,-17.04,166.61,2024-08-21
34.606602,2.696,1626.079956,-17.04,166.61,2024-08-21
34.606602,2.695,1628.0,-17.04,166.61,2024-08-21
34.606998,2.692,1630.0,-17.04,166.61,2024-08-21
34.6068,2.691,1631.959961,-17.04,166.61,2024-08-21
34.607201,2.688,1634.0,-17.04,166.61,2024-08-21
34.607601,2.684,1636.040039,-17.04,166.61,2024-08-21
34.607601,2.682,1638.0,-17.04,166.61,2024-08-21
34.6082,2.677,1640.040039,-17.04,166.61,2024-08-21
34.6082,2.675,1642.040039,-17.04,166.61,2024-08-21
34.608799,2.67,1644.0,-17.04,166.61,2024-08-21
34.6092,2.666,1646.040039,-17.04,166.61,2024-08-21
34.6096,2.661,1648.0,-17.04,166.61,2024-08-21
34.609798,2.659,1650.0,-17.04,166.61,2024-08-21
34.609798,2.658,1652.040039,-17.04,166.61,2024-08-21
34.610001,2.656,1654.0,-17.04,166.61,2024-08-21
34.610401,2.652,1655.959961,-17.04,166.61,2024-08-21
34.611,2.647,1658.0,-17.04,166.61,2024-08-21
34.611198,2.644,1660.0,-17.04,166.61,2024-08-21
34.611198,2.643,1662.0,-17.04,166.61,2024-08-21
34.611401,2.641,1664.079956,-17.04,166.61,2024-08-21
34.611801,2.638,1666.040039,-17.04,166.61,2024-08-21
34.612202,2.632,1668.040039,-17.04,166.61,2024-08-21
34.612202,2.631,1670.119995,-17.04,166.61,2024-08-21
34.6124,2.63,1672.119995,-17.04,166.61,2024-08-21
34.612999,2.626,1674.0,-17.04,166.61,2024-08-21
34.612999,2.623,1676.0,-17.04,166.61,2024-08-21
34.613201,2.622,1678.0,-17.04,166.61,2024-08-21
34.613201,2.621,1679.920044,-17.04,166.61,2024-08-21
34.6134,2.62,1681.959961,-17.04,166.61,2024-08-21
34.6134,2.619,1683.959961,-17.04,166.61,2024-08-21
34.613201,2.619,1685.959961,-17.04,166.61,2024-08-21
34.6134,2.619,1688.079956,-17.04,166.61,2024-08-21
34.6134,2.617,1690.119995,-17.04,166.61,2024-08-21
34.613998,2.614,1692.040039,-17.04,166.61,2024-08-21
34.614201,2.61,1693.959961,-17.04,166.61,2024-08-21
34.614399,2.608,1695.920044,-17.04,166.61,2024-08-21
34.614399,2.606,1697.959961,-17.04,166.61,2024-08-21
34.6152,2.602,1699.959961,-17.04,166.61,2024-08-21
34.615398,2.597,1702.0,-17.04,166.61,2024-08-21
34.615601,2.596,1704.040039,-17.04,166.61,2024-08-21
34.615601,2.595,1705.959961,-17.04,166.61,2024-08-21
34.615799,2.593,1707.880005,-17.04,166.61,2024-08-21
34.616001,2.591,1709.920044,-17.04,166.61,2024-08-21
34.616001,2.59,1712.040039,-17.04,166.61,2024-08-21
34.616001,2.589,1714.079956,-17.04,166.61,2024-08-21
34.616402,2.587,1716.0,-17.04,166.61,2024-08-21
34.616798,2.583,1717.920044,-17.04,166.61,2024-08-21
34.6166,2.582,1719.959961,-17.04,166.61,2024-08-21
34.617001,2.58,1722.0,-17.04,166.61,2024-08-21
34.617199,2.577,1724.040039,-17.04,166.61,2024-08-21
34.617401,2.575,1726.119995,-17.04,166.61,2024-08-21
34.618198,2.569,1728.040039,-17.04,166.61,2024-08-21
34.618198,2.566,1730.0,-17.04,166.61,2024-08-21
34.618599,2.564,1732.040039,-17.04,166.61,2024-08-21
34.618599,2.563,1734.079956,-17.04,166.61,2024-08-21
34.618801,2.561,1736.079956,-17.04,166.61,2024-08-21
34.618801,2.559,1738.040039,-17.04,166.61,2024-08-21
34.619202,2.556,1740.0,-17.04,166.61,2024-08-21
34.619999,2.549,1742.0,-17.04,166.61,2024-08-21
34.620201,2.546,1744.0,-17.04,166.61,2024-08-21
34.620399,2.543,1745.959961,-17.04,166.61,2024-08-21
34.620399,2.542,1747.920044,-17.04,166.61,2024-08-21
34.620399,2.542,1750.0,-17.04,166.61,2024-08-21
34.620399,2.541,1752.079956,-17.04,166.61,2024-08-21
34.621201,2.536,1754.079956,-17.04,166.61,2024-08-21
34.6222,2.528,1756.079956,-17.04,166.61,2024-08-21
34.6222,2.524,1758.079956,-17.04,166.61,2024-08-21
34.622398,2.522,1760.079956,-17.04,166.61,2024-08-21
34.622398,2.521,1762.040039,-17.04,166.61,2024-08-21
34.622601,2.521,1764.0,-17.04,166.61,2024-08-21
34.622601,2.52,1766.0,-17.04,166.61,2024-08-21
34.622601,2.519,1768.0,-17.04,166.61,2024-08-21
34.622799,2.519,1770.0,-17.04,166.61,2024-08-21
34.622799,2.519,1772.040039,-17.04,166.61,2024-08-21
34.622799,2.518,1774.0,-17.04,166.61,2024-08-21
34.623402,2.515,1776.040039,-17.04,166.61,2024-08-21
34.6236,2.511,1778.040039,-17.04,166.61,2024-08-21
34.6236,2.51,1780.079956,-17.04,166.61,2024-08-21
34.623798,2.509,1782.119995,-17.04,166.61,2024-08-21
34.623798,2.508,1784.079956,-17.04,166.61,2024-08-21
34.624199,2.505,1786.0,-17.04,166.61,2024-08-21
34.624401,2.503,1788.040039,-17.04,166.61,2024-08-21
34.624802,2.499,1790.079956,-17.04,166.61,2024-08-21
34.625198,2.496,1792.119995,-17.04,166.61,2024-08-21
34.625801,2.492,1794.040039,-17.04,166.61,2024-08-21
34.625801,2.49,1795.880005,-17.04,166.61,2024-08-21
34.625801,2.488,1797.839966,-17.04,166.61,2024-08-21
34.625801,2.487,1799.920044,-17.04,166.61,2024-08-21
34.625999,2.487,1801.959961,-17.04,166.61,2024-08-21
34.626202,2.485,1804.0,-17.04,166.61,2024-08-21
34.626598,2.482,1805.920044,-17.04,166.61,2024-08-21
34.6264,2.481,1807.959961,-17.04,166.61,2024-08-21
34.6264,2.481,1810.040039,-17.04,166.61,2024-08-21
34.626598,2.479,1812.0,-17.04,166.61,2024-08-21
34.626801,2.476,1814.040039,-17.04,166.61,2024-08-21
34.627201,2.473,1816.0,-17.04,166.61,2024-08-21
34.627399,2.47,1817.959961,-17.04,166.61,2024-08-21
34.627602,2.467,1820.0,-17.04,166.61,2024-08-21
34.6278,2.465,1821.959961,-17.04,166.61,2024-08-21
34.627998,2.464,1823.920044,-17.04,166.61,2024-08-21
34.627998,2.462,1826.0,-17.04,166.61,2024-08-21
34.627998,2.461,1827.920044,-17.04,166.61,2024-08-21
34.628399,2.459,1829.880005,-17.04,166.61,2024-08-21
34.628799,2.455,1831.959961,-17.04,166.61,2024-08-21
34.6292,2.451,1834.040039,-17.04,166.61,2024-08-21
34.629398,2.449,1836.040039,-17.04,166.61,2024-08-21
34.629601,2.447,1838.0,-17.04,166.61,2024-08-21
34.629799,2.444,1840.079956,-17.04,166.61,2024-08-21
34.629799,2.442,1842.040039,-17.04,166.61,2024-08-21
34.630402,2.439,1844.040039,-17.04,166.61,2024-08-21
34.630402,2.436,1846.040039,-17.04,166.61,2024-08-21
34.6306,2.434,1848.0,-17.04,166.61,2024-08-21
34.631401,2.43,1850.079956,-17.04,166.61,2024-08-21
34.631199,2.428,1852.079956,-17.04,166.61,2024-08-21
34.631199,2.427,1854.040039,-17.04,166.61,2024-08-21
34.632,2.424,1856.040039,-17.04,166.61,2024-08-21
34.632,2.421,1858.0,-17.04,166.61,2024-08-21
34.632,2.42,1860.0,-17.04,166.61,2024-08-21
34.632,2.42,1861.880005,-17.04,166.61,2024-08-21
34.632,2.419,1863.880005,-17.04,166.61,2024-08-21
34.632198,2.418,1866.0,-17.04,166.61,2024-08-21
34.632599,2.416,1868.0,-17.04,166.61,2024-08-21
34.632801,2.413,1870.0,-17.04,166.61,2024-08-21
34.633202,2.41,1872.040039,-17.04,166.61,2024-08-21
34.633202,2.408,1874.0,-17.04,166.61,2024-08-21
34.633202,2.408,1876.040039,-17.04,166.61,2024-08-21
34.633202,2.408,1877.920044,-17.04,166.61,2024-08-21
34.633202,2.408,1879.920044,-17.04,166.61,2024-08-21
34.6334,2.407,1881.959961,-17.04,166.61,2024-08-21
34.633598,2.405,1884.0,-17.04,166.61,2024-08-21
34.633801,2.403,1886.0,-17.04,166.61,2024-08-21
34.633598,2.403,1888.0,-17.04,166.61,2024-08-21
34.634201,2.4,1890.0,-17.04,166.61,2024-08-21
34.633999,2.398,1892.0,-17.04,166.61,2024-08-21
34.633999,2.398,1894.040039,-17.04,166.61,2024-08-21
34.634602,2.396,1895.959961,-17.04,166.61,2024-08-21
34.6348,2.392,1897.880005,-17.04,166.61,2024-08-21
34.634602,2.391,1899.920044,-17.04,166.61,2024-08-21
34.635201,2.389,1902.040039,-17.04,166.61,2024-08-21
34.635201,2.387,1904.079956,-17.04,166.61,2024-08-21
34.635399,2.385,1906.0,-17.04,166.61,2024-08-21
34.635399,2.385,1907.920044,-17.04,166.61,2024-08-21
34.635601,2.383,1910.0,-17.04,166.61,2024-08-21
34.635799,2.381,1912.040039,-17.04,166.61,2024-08-21
34.635799,2.38,1913.959961,-17.04,166.61,2024-08-21
34.635799,2.379,1915.920044,-17.04,166.61,2024-08-21
34.6362,2.377,1917.959961,-17.04,166.61,2024-08-21
34.6362,2.375,1920.040039,-17.04,166.61,2024-08-21
34.636398,2.375,1922.119995,-17.04,166.61,2024-08-21
34.636398,2.374,1924.160034,-17.04,166.61,2024-08-21
34.636398,2.374,1926.0,-17.04,166.61,2024-08-21
34.636799,2.373,1928.0,-17.04,166.61,2024-08-21
34.637001,2.37,1930.079956,-17.04,166.61,2024-08-21
34.636799,2.37,1932.040039,-17.04,166.61,2024-08-21
34.637199,2.369,1933.959961,-17.04,166.61,2024-08-21
34.637001,2.368,1936.040039,-17.04,166.61,2024-08-21
34.637199,2.367,1938.079956,-17.04,166.61,2024-08-21
34.637798,2.364,1940.0,-17.04,166.61,2024-08-21
34.6376,2.363,1941.920044,-17.04,166.61,2024-08-21
34.637402,2.363,1944.0,-17.04,166.61,2024-08-21
34.6376,2.363,1946.079956,-17.04,166.61,2024-08-21
34.6376,2.363,1948.040039,-17.04,166.61,2024-08-21
34.6376,2.363,1950.0,-17.04,166.61,2024-08-21
34.6376,2.363,1952.0,-17.04,166.61,2024-08-21
34.637798,2.362,1954.079956,-17.04,166.61,2024-08-21
34.638401,2.357,1956.040039,-17.04,166.61,2024-08-21
34.638199,2.355,1958.0,-17.04,166.61,2024-08-21
34.638401,2.354,1960.079956,-17.04,166.61,2024-08-21
34.638599,2.353,1962.040039,-17.04,166.61,2024-08-21
34.638599,2.352,1964.040039,-17.04,166.61,2024-08-21
34.638802,2.351,1966.040039,-17.04,166.61,2024-08-21
34.638802,2.351,1968.040039,-17.04,166.61,2024-08-21
34.639198,2.348,1970.040039,-17.04,166.61,2024-08-21
34.6394,2.346,1972.0,-17.04,166.61,2024-08-21
34.639599,2.344,1973.959961,-17.04,166.61,2024-08-21
34.639801,2.342,1975.959961,-17.04,166.61,2024-08-21
34.639801,2.341,1977.920044,-17.04,166.61,2024-08-21
34.639801,2.34,1979.880005,-17.04,166.61,2024-08-21
34.640202,2.338,1981.959961,-17.04,166.61,2024-08-21
34.6404,2.335,1984.079956,-17.04,166.61,2024-08-21
34.6408,2.332,1986.079956,-17.04,166.61,2024-08-21
34.6408,2.331,1988.079956,-17.04,166.61,2024-08-21
34.6408,2.33,1990.079956,-17.04,166.61,2024-08-21
34.640999,2.329,1992.040039,-17.04,166.61,2024-08-21
34.640999,2.329,1994.040039,-17.04,166.61,2024-08-21
34.641201,2.328,1996.040039,-17.04,166.61,2024-08-21
34.641399,2.327,1998.079956,-17.04,166.61,2024-08-21
34.641602,2.326,2000.119995,-17.04,166.61,2024-08-21
34.641602,2.326,2002.0,-17.04,166.61,2024-08-21
34.6418,2.325,2004.0,-17.04,166.61,2024-08-21
34.641998,2.324,2006.119995,-17.04,166.61,2024-08-21
34.6422,2.323,2007.160034,-17.04,166.61,2024-08-21
